policy_id,function,title,version,status,owner_id,approver_id,effective_date,review_date,supersedes,file
HR-001,HR,Flexible Work and Workplace Attendance,2.0,Current,ORG-004,ORG-005,2026-01-15,2027-01-15,HR-FLEX-01 v1.2 (2024-07-01),policies/hr/HR-001-flexible-work-and-attendance.md
HR-002,HR,"Leave, Accommodation and Wellbeing",1.3,Current,ORG-005,ORG-004,2026-02-01,2027-02-01,HR-LEAVE-03 v1.2 (2025-02-01),policies/hr/HR-002-leave-accommodation-and-wellbeing.md
HR-003,HR,"Performance, Learning and Internal Mobility",1.0,Current,ORG-004,ORG-005,2026-03-01,2027-03-01,,policies/hr/HR-003-performance-learning-and-mobility.md
IT-001,IT,"Acceptable Use, Endpoint Security and Remote Access",2.2,Current,ORG-008,ORG-006,2026-01-20,2027-01-20,IT-AUP-01 v2.1 (2025-01-20),policies/it/IT-001-acceptable-use-endpoint-and-remote-access.md
IT-002,IT,"Identity, Access and Privileged Administration",1.5,Current,ORG-007,ORG-006,2026-02-15,2027-02-15,SEC-IAM-02 v1.4 (2025-08-15),policies/it/IT-002-identity-access-and-privileged-administration.md
IT-003,IT,"Data Classification, Retention and Generative AI",3.0,Current,ORG-007,ORG-006,2026-04-01,2027-04-01,IT-DATA-04 v2.1 (2024-10-01),policies/it/IT-003-data-classification-retention-and-generative-ai.md
ADM-001,Administration,Procurement and Third-Party Onboarding,2.0,Current,ORG-010,ORG-009,2026-01-25,2027-01-25,ADM-PROC-01 v1.4 (2025-01-25),policies/admin/ADM-001-procurement-and-third-party-onboarding.md
ADM-002,Administration,"Travel, Expense and Corporate Card",1.8,Current,ORG-012,ORG-009,2026-02-10,2027-02-10,FIN-T&E-01 v1.7 (2025-02-10),policies/admin/ADM-002-travel-expense-and-corporate-card.md
ADM-003,Administration,"Workplace Access, Visitors and Business Continuity",1.1,Current,ORG-011,ORG-009,2026-03-15,2027-03-15,FAC-SEC-02 v1.0 (2025-03-15),policies/admin/ADM-003-workplace-access-visitors-and-continuity.md
